hidden_size,num_layers,learning_rate,num_epochs,rmse,mae,r2,avg_epoch_time,epoch_times,epoch_losses
32,2,0.05,30,181.14581,129.15776,-0.0646892786026001,18.89994583129883,"[18.181760787963867, 20.332950830459595, 18.615371227264404, 18.763410329818726, 18.60623598098755]","[109401.4358170022, 35871.59879379605, 35866.923094770274, 35875.1844846234, 35872.86058810705]"
32,2,0.01,30,180.31256,128.65761,-0.05043751001358032,18.689444875717165,"[18.72500777244568, 18.515118837356567, 18.677470684051514, 18.770719289779663, 18.758907794952393]","[382146.20836229617, 35868.08225766644, 35849.41266282261, 35851.326314867845, 35857.12787225049]"
32,2,0.005,30,181.1198,128.602,-0.06268876791000366,18.45237668355306,"[18.51414132118225, 18.46652626991272, 18.50485348701477, 18.498253107070923, 18.49555253982544, 18.234933376312256]","[671185.2449124932, 66389.89217673223, 35850.34213163551, 35844.317875891276, 35847.75311392572, 35850.70160458494]"
32,2,0.001,30,53.232918,34.525547,0.8969663977622986,19.146314533551536,"[19.18117904663086, 18.5344820022583, 18.737694025039673, 18.460593461990356, 18.41889476776123, 18.49535083770752, 18.462618112564087, 18.4787335395813, 19.9016592502594, 20.431488513946533, 20.7302143573761, 21.35443425178528, 19.9672372341156, 19.54846501350403, 19.800113439559937, 19.800336599349976, 19.768916606903076, 18.761518955230713, 18.23198366165161, 18.709174633026123, 19.040822505950928, 19.999330759048462, 18.893717288970947, 18.18450117111206, 18.30935001373291, 17.93877077102661, 18.39707112312317, 19.362375020980835, 19.485533952713013, 19.002875089645386]","[1250409.7430233352, 853202.7782392877, 561495.3870684361, 348808.3839063353, 193663.5720758563, 93437.61903667866, 45314.643759914885, 32546.167483667097, 26698.586415120088, 22389.83331771917, 19224.97209380704, 16955.794565992062, 13722.503173494964, 12365.413486080919, 10555.730540046525, 9981.473318441465, 9254.001546909716, 8667.17937783487, 8672.730867365042, 8398.483560545475, 8259.883122681531, 7152.760854846005, 6771.575412521196, 6710.028892950199, 6622.320740574833, 5426.9083717504445, 4875.425423706462, 2785.9109674832707, 2192.098391757782, 2080.478588491548]"
